<?xml version="1.0" encoding="UTF-8"?>
<metadata xml:lang="en"><Esri><CreaDate>20221212</CreaDate><CreaTime>14495000</CreaTime><ArcGISFormat>1.0</ArcGISFormat><SyncOnce>FALSE</SyncOnce><DataProperties><lineage><Process ToolSource="c:\program files (x86)\arcgis\desktop10.4\ArcToolbox\Toolboxes\Data Management Tools.tbx\DefineProjection" Date="20170824" Time="145713">DefineProjection "ren pemanfaatan ruang 2" GEOGCS['GCS_WGS_1984',DATUM['D_WGS_1984',SPHEROID['WGS_1984',6378137.0,298.257223563]],PRIMEM['Greenwich',0.0],UNIT['Degree',0.0174532925199433]]</Process><Process ToolSource="c:\program files (x86)\arcgis\desktop10.4\ArcToolbox\Toolboxes\Data Management Tools.tbx\DefineProjection" Date="20170824" Time="145848">DefineProjection "ren pemanfaatan ruang 2" PROJCS['WGS_1984_UTM_Zone_48S',GEOGCS['GCS_WGS_1984',DATUM['D_WGS_1984',SPHEROID['WGS_1984',6378137.0,298.257223563]],PRIMEM['Greenwich',0.0],UNIT['Degree',0.0174532925199433]],PROJECTION['Transverse_Mercator'],PARAMETER['False_Easting',500000.0],PARAMETER['False_Northing',10000000.0],PARAMETER['Central_Meridian',105.0],PARAMETER['Scale_Factor',0.9996],PARAMETER['Latitude_Of_Origin',0.0],UNIT['Meter',1.0]]</Process><Process ToolSource="c:\program files (x86)\arcgis\desktop10.4\ArcToolbox\Toolboxes\Data Management Tools.tbx\DefineProjection" Date="20170824" Time="145923">DefineProjection "ren pemanfaatan ruang 2" GEOGCS['GCS_WGS_1984',DATUM['D_WGS_1984',SPHEROID['WGS_1984',6378137.0,298.257223563]],PRIMEM['Greenwich',0.0],UNIT['Degree',0.0174532925199433]]</Process><Process ToolSource="c:\program files (x86)\arcgis\desktop10.4\ArcToolbox\Toolboxes\Data Management Tools.tbx\DefineProjection" Date="20170824" Time="150304">DefineProjection "ren pemanfaatan ruang 2" PROJCS['WGS_1984_UTM_Zone_48S',GEOGCS['GCS_WGS_1984',DATUM['D_WGS_1984',SPHEROID['WGS_1984',6378137.0,298.257223563]],PRIMEM['Greenwich',0.0],UNIT['Degree',0.0174532925199433]],PROJECTION['Transverse_Mercator'],PARAMETER['False_Easting',500000.0],PARAMETER['False_Northing',10000000.0],PARAMETER['Central_Meridian',105.0],PARAMETER['Scale_Factor',0.9996],PARAMETER['Latitude_Of_Origin',0.0],UNIT['Meter',1.0]]</Process><Process ToolSource="c:\program files (x86)\arcgis\desktop10.4\ArcToolbox\Toolboxes\Data Management Tools.tbx\Dissolve" Date="20170824" Time="150339">Dissolve "ren pemanfaatan ruang 2" C:\Users\Perencanaan-Peta\Documents\ArcGIS\Default.gdb\renpemanfaatanruang2_Dissolv RENCANA_LU # MULTI_PART DISSOLVE_LINES</Process><Process ToolSource="c:\program files (x86)\arcgis\desktop10.4\ArcToolbox\Toolboxes\Data Management Tools.tbx\CalculateField" Date="20170824" Time="150403">CalculateField renpemanfaatanruang2_Dissolv RENCANA_LU "Waduk" VB #</Process><Process ToolSource="c:\program files (x86)\arcgis\desktop10.4\ArcToolbox\Toolboxes\Conversion Tools.tbx\FeatureClassToFeatureClass" Date="20170824" Time="150431">FeatureClassToFeatureClass renpemanfaatanruang2_Dissolv H:\OMP\OMP.gdb\Lampung _1806_LAMPUNG_UTARA_PR_03_int # "RENCANA_LU "RENCANA_LU" true true false 50 Text 0 0 ,First,#,renpemanfaatanruang2_Dissolv,RENCANA_LU,-1,-1;Shape_Length "Shape_Length" false true true 8 Double 0 0 ,First,#,renpemanfaatanruang2_Dissolv,Shape_Length,-1,-1;Shape_Area "Shape_Area" false true true 8 Double 0 0 ,First,#,renpemanfaatanruang2_Dissolv,Shape_Area,-1,-1" #</Process><Process ToolSource="c:\program files (x86)\arcgis\desktop10.4\ArcToolbox\Toolboxes\Conversion Tools.tbx\FeatureClassToFeatureClass" Date="20170825" Time="085520">FeatureClassToFeatureClass _1806_LAMPUNG_UTARA_PR_03_int H:\OMP\Lampung_merge_topology\Lampung_topo.gdb\Lampung lampungutara_pr_merge # "RENCANA_LU "RENCANA_LU" true true false 50 Text 0 0 ,First,#,_1806_LAMPUNG_UTARA_PR_03_int,RENCANA_LU,-1,-1;Shape_Length "Shape_Length" false true true 8 Double 0 0 ,First,#,_1806_LAMPUNG_UTARA_PR_03_int,Shape_Length,-1,-1;Shape_Area "Shape_Area" false true true 8 Double 0 0 ,First,#,_1806_LAMPUNG_UTARA_PR_03_int,Shape_Area,-1,-1" #</Process><Process ToolSource="d:\program files (x86)\arcgis\desktop10.5\ArcToolbox\Toolboxes\Data Management Tools.tbx\CopyFeatures" Date="20171214" Time="172332">CopyFeatures _1806_LAMPUNG_UTARA E:\WebGIS\Lampung.gdb\_1806_LAMPUNG_UTARA # 0 0 0</Process><Process Name="Add Field" ToolSource="d:\program files (x86)\arcgis\desktop10.5\ArcToolbox\Toolboxes\Data Management Tools.tbx\AddField" Date="20171214" Time="173532">AddField _1806_LAMPUNG_UTARA NAMOBJ TEXT # # 250 "Nama Objek" NULLABLE NON_REQUIRED #</Process><Process Name="Add Field (3)" ToolSource="d:\program files (x86)\arcgis\desktop10.5\ArcToolbox\Toolboxes\Data Management Tools.tbx\AddField" Date="20171214" Time="173535">AddField _1806_LAMPUNG_UTARA WADMKK TEXT # # 250 "Nama Kabupaten/Kota" NULLABLE NON_REQUIRED #</Process><Process Name="Add Field (4)" ToolSource="d:\program files (x86)\arcgis\desktop10.5\ArcToolbox\Toolboxes\Data Management Tools.tbx\AddField" Date="20171214" Time="173536">AddField _1806_LAMPUNG_UTARA WADMPR TEXT # # 250 "Nama Provinsi" NULLABLE NON_REQUIRED #</Process><Process Name="Add Field (5)" ToolSource="d:\program files (x86)\arcgis\desktop10.5\ArcToolbox\Toolboxes\Data Management Tools.tbx\AddField" Date="20171214" Time="173539">AddField _1806_LAMPUNG_UTARA STSDRH TEXT # # 250 "Status Daerah" NULLABLE NON_REQUIRED #</Process><Process Name="Add Field (6)" ToolSource="d:\program files (x86)\arcgis\desktop10.5\ArcToolbox\Toolboxes\Data Management Tools.tbx\AddField" Date="20171214" Time="173541">AddField _1806_LAMPUNG_UTARA STSDAT TEXT # # 250 "Status Data" NULLABLE NON_REQUIRED #</Process><Process Name="Add Field (2)" ToolSource="d:\program files (x86)\arcgis\desktop10.5\ArcToolbox\Toolboxes\Data Management Tools.tbx\AddField" Date="20171214" Time="173543">AddField _1806_LAMPUNG_UTARA NOTHPR TEXT # # 250 "Nomor dan Tahun Peraturan" NULLABLE NON_REQUIRED #</Process><Process Name="Calculate Field" ToolSource="d:\program files (x86)\arcgis\desktop10.5\ArcToolbox\Toolboxes\Data Management Tools.tbx\CalculateField" Date="20171214" Time="174403">CalculateField _1806_LAMPUNG_UTARA WADMKK "Lampung Utara" VB #</Process><Process Name="Calculate Field (2)" ToolSource="d:\program files (x86)\arcgis\desktop10.5\ArcToolbox\Toolboxes\Data Management Tools.tbx\CalculateField" Date="20171214" Time="174408">CalculateField _1806_LAMPUNG_UTARA WADMPR "Lampung" VB #</Process><Process Name="Calculate Field (4)" ToolSource="d:\program files (x86)\arcgis\desktop10.5\ArcToolbox\Toolboxes\Data Management Tools.tbx\CalculateField" Date="20171214" Time="174410">CalculateField _1806_LAMPUNG_UTARA STSDRH "Perda" VB #</Process><Process Name="Calculate Field (5)" ToolSource="d:\program files (x86)\arcgis\desktop10.5\ArcToolbox\Toolboxes\Data Management Tools.tbx\CalculateField" Date="20171214" Time="174413">CalculateField _1806_LAMPUNG_UTARA STSDAT "Perda" VB #</Process><Process Name="Calculate Field (3)" ToolSource="d:\program files (x86)\arcgis\desktop10.5\ArcToolbox\Toolboxes\Data Management Tools.tbx\CalculateField" Date="20171214" Time="174416">CalculateField _1806_LAMPUNG_UTARA NOTHPR "Perda No. 08 Tahun 2014" VB #</Process><Process ToolSource="d:\program files (x86)\arcgis\desktop10.5\ArcToolbox\Toolboxes\Data Management Tools.tbx\CalculateField" Date="20171214" Time="175225">CalculateField _1806_LAMPUNG_UTARA NAMOBJ [RENCANA_LU] VB #</Process><Process ToolSource="d:\program files (x86)\arcgis\desktop10.5\ArcToolbox\Toolboxes\Data Management Tools.tbx\DeleteField" Date="20171214" Time="180014">DeleteField _1806_LAMPUNG_UTARA RENCANA_LU</Process><Process ToolSource="c:\program files (x86)\arcgis\desktop10.4\ArcToolbox\Toolboxes\Data Management Tools.tbx\CopyFeatures" Date="20180809" Time="112516">CopyFeatures _1806_LAMPUNG_UTARA "H:\KERJAAN LINTANG\Repository\New File Geodatabase.gdb\_1806_LAMPUNG_UTARA" # 0 0 0</Process><Process Name="Add Field" ToolSource="c:\program files (x86)\arcgis\desktop10.4\ArcToolbox\Toolboxes\Data Management Tools.tbx\AddField" Date="20180814" Time="101119">AddField Lampung\_1806_LAMPUNG_UTARA PP TEXT # # 250 "Peta Perda" NULLABLE NON_REQUIRED #</Process><Process Name="Add Field (2)" ToolSource="c:\program files (x86)\arcgis\desktop10.4\ArcToolbox\Toolboxes\Data Management Tools.tbx\AddField" Date="20180814" Time="101120">AddField Lampung\_1806_LAMPUNG_UTARA BA TEXT # # 250 "Berita Acara" NULLABLE NON_REQUIRED #</Process><Process Name="Add Field (3)" ToolSource="c:\program files (x86)\arcgis\desktop10.4\ArcToolbox\Toolboxes\Data Management Tools.tbx\AddField" Date="20180814" Time="101121">AddField Lampung\_1806_LAMPUNG_UTARA CT TEXT # # 250 Catatan NULLABLE NON_REQUIRED #</Process><Process Name="Add Field (4)" ToolSource="c:\program files (x86)\arcgis\desktop10.4\ArcToolbox\Toolboxes\Data Management Tools.tbx\AddField" Date="20180814" Time="101122">AddField Lampung\_1806_LAMPUNG_UTARA BT TEXT # # 250 "Batang Tubuh" NULLABLE NON_REQUIRED #</Process><Process Name="Calculate Field" ToolSource="c:\program files (x86)\arcgis\desktop10.4\ArcToolbox\Toolboxes\Data Management Tools.tbx\CalculateField" Date="20180814" Time="101124">CalculateField Lampung\_1806_LAMPUNG_UTARA PP "1806" VB #</Process><Process Name="Calculate Field (2)" ToolSource="c:\program files (x86)\arcgis\desktop10.4\ArcToolbox\Toolboxes\Data Management Tools.tbx\CalculateField" Date="20180814" Time="101125">CalculateField Lampung\_1806_LAMPUNG_UTARA BA "http://gistaru.atrbpn.go.id/repository/Pages/View?f=01_"+[PP]+"_BA" VB #</Process><Process Name="Calculate Field (3)" ToolSource="c:\program files (x86)\arcgis\desktop10.4\ArcToolbox\Toolboxes\Data Management Tools.tbx\CalculateField" Date="20180814" Time="101126">CalculateField Lampung\_1806_LAMPUNG_UTARA CT "http://gistaru.atrbpn.go.id/repository/Pages/View?f=02_"+[PP]+"_CT" VB #</Process><Process Name="Calculate Field (4)" ToolSource="c:\program files (x86)\arcgis\desktop10.4\ArcToolbox\Toolboxes\Data Management Tools.tbx\CalculateField" Date="20180814" Time="101128">CalculateField Lampung\_1806_LAMPUNG_UTARA BT "http://gistaru.atrbpn.go.id/repository/Pages/View?f=03_"+[PP]+"_BT" VB #</Process><Process Name="Calculate Field (5)" ToolSource="c:\program files (x86)\arcgis\desktop10.4\ArcToolbox\Toolboxes\Data Management Tools.tbx\CalculateField" Date="20180814" Time="101129">CalculateField Lampung\_1806_LAMPUNG_UTARA PP "http://gistaru.atrbpn.go.id/repository/Pages/View?f=01_"+[PP]+"_PP" VB #</Process><Process ToolSource="c:\program files (x86)\arcgis\desktop10.4\ArcToolbox\Toolboxes\Data Management Tools.tbx\CalculateField" Date="20180814" Time="103730">CalculateField Lampung\_1806_LAMPUNG_UTARA PP "-" VB #</Process><Process ToolSource="c:\program files (x86)\arcgis\desktop10.4\ArcToolbox\Toolboxes\Data Management Tools.tbx\CalculateField" Date="20180814" Time="103738">CalculateField Lampung\_1806_LAMPUNG_UTARA BT "-" VB #</Process><Process ToolSource="c:\program files (x86)\arcgis\desktop10.4\ArcToolbox\Toolboxes\Data Management Tools.tbx\CopyFeatures" Date="20180814" Time="132146">CopyFeatures "K:\Upload\Lampung 1.gdb\_1806_LAMPUNG_UTARA" K:\Upload\Lampung.gdb\_1806_LAMPUNG_UTARA # 0 0 0</Process><Process ToolSource="c:\program files (x86)\arcgis\desktop10.4\ArcToolbox\Toolboxes\Data Management Tools.tbx\CopyFeatures" Date="20180814" Time="142058">CopyFeatures _1806_LAMPUNG_UTARA K:\Upload\Lampung.gdb\_1806_LAMPUNG_UTARA # 0 0 0</Process><Process Name="Add Field" ToolSource="c:\program files (x86)\arcgis\desktop10.4\ArcToolbox\Toolboxes\Data Management Tools.tbx\AddField" Date="20180821" Time="124545">AddField _1806_LAMPUNG_UTARA PP TEXT # # 250 "Peta Perda" NULLABLE NON_REQUIRED #</Process><Process Name="Add Field (2)" ToolSource="c:\program files (x86)\arcgis\desktop10.4\ArcToolbox\Toolboxes\Data Management Tools.tbx\AddField" Date="20180821" Time="124546">AddField _1806_LAMPUNG_UTARA BA TEXT # # 250 "Berita Acara" NULLABLE NON_REQUIRED #</Process><Process Name="Add Field (3)" ToolSource="c:\program files (x86)\arcgis\desktop10.4\ArcToolbox\Toolboxes\Data Management Tools.tbx\AddField" Date="20180821" Time="124546">AddField _1806_LAMPUNG_UTARA CT TEXT # # 250 Catatan NULLABLE NON_REQUIRED #</Process><Process Name="Add Field (4)" ToolSource="c:\program files (x86)\arcgis\desktop10.4\ArcToolbox\Toolboxes\Data Management Tools.tbx\AddField" Date="20180821" Time="124546">AddField _1806_LAMPUNG_UTARA BT TEXT # # 250 "Batang Tubuh" NULLABLE NON_REQUIRED #</Process><Process Name="Calculate Field" ToolSource="c:\program files (x86)\arcgis\desktop10.4\ArcToolbox\Toolboxes\Data Management Tools.tbx\CalculateField" Date="20180821" Time="124546">CalculateField _1806_LAMPUNG_UTARA PP "1806" VB #</Process><Process Name="Calculate Field (2)" ToolSource="c:\program files (x86)\arcgis\desktop10.4\ArcToolbox\Toolboxes\Data Management Tools.tbx\CalculateField" Date="20180821" Time="124547">CalculateField _1806_LAMPUNG_UTARA BA "http://gistaru.atrbpn.go.id/repository/Pages/View?f=02_"+[PP]+"_BA" VB #</Process><Process Name="Calculate Field (3)" ToolSource="c:\program files (x86)\arcgis\desktop10.4\ArcToolbox\Toolboxes\Data Management Tools.tbx\CalculateField" Date="20180821" Time="124547">CalculateField _1806_LAMPUNG_UTARA CT "http://gistaru.atrbpn.go.id/repository/Pages/View?f=02_"+[PP]+"_CT" VB #</Process><Process Name="Calculate Field (4)" ToolSource="c:\program files (x86)\arcgis\desktop10.4\ArcToolbox\Toolboxes\Data Management Tools.tbx\CalculateField" Date="20180821" Time="124547">CalculateField _1806_LAMPUNG_UTARA BT "http://gistaru.atrbpn.go.id/repository/Pages/View?f=03_"+[PP]+"_BT" VB #</Process><Process Name="Calculate Field (5)" ToolSource="c:\program files (x86)\arcgis\desktop10.4\ArcToolbox\Toolboxes\Data Management Tools.tbx\CalculateField" Date="20180821" Time="124548">CalculateField _1806_LAMPUNG_UTARA PP "http://gistaru.atrbpn.go.id/repository/Pages/View?f=01_"+[PP]+"_PP" VB #</Process><Process ToolSource="c:\program files (x86)\arcgis\desktop10.4\ArcToolbox\Toolboxes\Data Management Tools.tbx\CalculateField" Date="20180821" Time="124624">CalculateField _1806_LAMPUNG_UTARA BT "-" VB #</Process><Process Name="Add Field" ToolSource="c:\program files (x86)\arcgis\desktop10.4\ArcToolbox\Toolboxes\Data Management Tools.tbx\AddField" Date="20190117" Time="101938">AddField _1803_LAMPUNG_UTARA PP TEXT # # 250 "Peta Perda" NULLABLE NON_REQUIRED #</Process><Process Name="Add Field (2)" ToolSource="c:\program files (x86)\arcgis\desktop10.4\ArcToolbox\Toolboxes\Data Management Tools.tbx\AddField" Date="20190117" Time="101938">AddField _1803_LAMPUNG_UTARA BA TEXT # # 250 "Berita Acara" NULLABLE NON_REQUIRED #</Process><Process Name="Add Field (3)" ToolSource="c:\program files (x86)\arcgis\desktop10.4\ArcToolbox\Toolboxes\Data Management Tools.tbx\AddField" Date="20190117" Time="101938">AddField _1803_LAMPUNG_UTARA CT TEXT # # 250 Catatan NULLABLE NON_REQUIRED #</Process><Process Name="Add Field (4)" ToolSource="c:\program files (x86)\arcgis\desktop10.4\ArcToolbox\Toolboxes\Data Management Tools.tbx\AddField" Date="20190117" Time="101938">AddField _1803_LAMPUNG_UTARA BT TEXT # # 250 "Batang Tubuh" NULLABLE NON_REQUIRED #</Process><Process Name="Calculate Field" ToolSource="c:\program files (x86)\arcgis\desktop10.4\ArcToolbox\Toolboxes\Data Management Tools.tbx\CalculateField" Date="20190117" Time="101938">CalculateField _1803_LAMPUNG_UTARA PP "1803" VB #</Process><Process Name="Calculate Field (2)" ToolSource="c:\program files (x86)\arcgis\desktop10.4\ArcToolbox\Toolboxes\Data Management Tools.tbx\CalculateField" Date="20190117" Time="101938">CalculateField _1803_LAMPUNG_UTARA BA "http://gistaru.atrbpn.go.id/repository/Pages/View?f=02_"+[PP]+"_BA" VB #</Process><Process Name="Calculate Field (3)" ToolSource="c:\program files (x86)\arcgis\desktop10.4\ArcToolbox\Toolboxes\Data Management Tools.tbx\CalculateField" Date="20190117" Time="101938">CalculateField _1803_LAMPUNG_UTARA CT "http://gistaru.atrbpn.go.id/repository/Pages/View?f=02_"+[PP]+"_CT" VB #</Process><Process Name="Calculate Field (4)" ToolSource="c:\program files (x86)\arcgis\desktop10.4\ArcToolbox\Toolboxes\Data Management Tools.tbx\CalculateField" Date="20190117" Time="101938">CalculateField _1803_LAMPUNG_UTARA BT "http://gistaru.atrbpn.go.id/repository/Pages/View?f=03_"+[PP]+"_BT" VB #</Process><Process Name="Calculate Field (5)" ToolSource="c:\program files (x86)\arcgis\desktop10.4\ArcToolbox\Toolboxes\Data Management Tools.tbx\CalculateField" Date="20190117" Time="101938">CalculateField _1803_LAMPUNG_UTARA PP "http://gistaru.atrbpn.go.id/repository/Pages/View?f=01_"+[PP]+"_PP" VB #</Process><Process ToolSource="c:\program files (x86)\arcgis\desktop10.4\ArcToolbox\Toolboxes\Data Management Tools.tbx\CalculateField" Date="20190117" Time="102058">CalculateField _1803_LAMPUNG_UTARA BT "-" VB #</Process></lineage><itemProps><itemName Sync="TRUE">_1803_LAMPUNG_UTARA</itemName><imsContentType Sync="TRUE">002</imsContentType><itemLocation><linkage Sync="TRUE">file://\\10.11.61.2\Adhoc\Upload Perbaikan 2019\_1800_LAMPUNG.gdb</linkage><protocol Sync="TRUE">Local Area Network</protocol></itemLocation></itemProps><coordRef><type Sync="TRUE">Geographic</type><geogcsn Sync="TRUE">GCS_WGS_1984</geogcsn><csUnits Sync="TRUE">Angular Unit: Degree (0.017453)</csUnits><peXml Sync="TRUE">&lt;GeographicCoordinateSystem xsi:type='typens:GeographicCoordinateSystem' xmlns:xsi='http://www.w3.org/2001/XMLSchema-instance' xmlns:xs='http://www.w3.org/2001/XMLSchema' xmlns:typens='http://www.esri.com/schemas/ArcGIS/10.4'&gt;&lt;WKT&gt;GEOGCS[&amp;quot;GCS_WGS_1984&amp;quot;,DATUM[&amp;quot;D_WGS_1984&amp;quot;,SPHEROID[&amp;quot;WGS_1984&amp;quot;,6378137.0,298.257223563]],PRIMEM[&amp;quot;Greenwich&amp;quot;,0.0],UNIT[&amp;quot;Degree&amp;quot;,0.0174532925199433],AUTHORITY[&amp;quot;EPSG&amp;quot;,4326]]&lt;/WKT&gt;&lt;XOrigin&gt;-400&lt;/XOrigin&gt;&lt;YOrigin&gt;-400&lt;/YOrigin&gt;&lt;XYScale&gt;999999999.99999988&lt;/XYScale&gt;&lt;ZOrigin&gt;-100000&lt;/ZOrigin&gt;&lt;ZScale&gt;10000&lt;/ZScale&gt;&lt;MOrigin&gt;-100000&lt;/MOrigin&gt;&lt;MScale&gt;10000&lt;/MScale&gt;&lt;XYTolerance&gt;8.983152841195215e-009&lt;/XYTolerance&gt;&lt;ZTolerance&gt;0.001&lt;/ZTolerance&gt;&lt;MTolerance&gt;0.001&lt;/MTolerance&gt;&lt;HighPrecision&gt;true&lt;/HighPrecision&gt;&lt;LeftLongitude&gt;-180&lt;/LeftLongitude&gt;&lt;WKID&gt;4326&lt;/WKID&gt;&lt;LatestWKID&gt;4326&lt;/LatestWKID&gt;&lt;/GeographicCoordinateSystem&gt;</peXml></coordRef></DataProperties><SyncDate>20190318</SyncDate><SyncTime>14134000</SyncTime><ModDate>20190318</ModDate><ModTime>14134000</ModTime><ArcGISstyle>ISO 19139 Metadata Implementation Specification</ArcGISstyle></Esri><dataIdInfo><envirDesc Sync="TRUE"> Version 6.2 (Build 9200) ; Esri ArcGIS 10.4.1.5686</envirDesc><dataLang><languageCode value="eng" Sync="TRUE"></languageCode><countryCode value="USA" Sync="TRUE"></countryCode></dataLang><idCitation><resTitle Sync="TRUE">_1803_LAMPUNG_UTARA</resTitle><presForm><PresFormCd value="005" Sync="TRUE"></PresFormCd></presForm></idCitation><spatRpType><SpatRepTypCd value="001" Sync="TRUE"></SpatRepTypCd></spatRpType></dataIdInfo><mdLang><languageCode value="eng" Sync="TRUE"></languageCode><countryCode value="USA" Sync="TRUE"></countryCode></mdLang><distInfo><distFormat><formatName Sync="TRUE">File Geodatabase Feature Class</formatName></distFormat></distInfo><mdHrLv><ScopeCd value="005" Sync="TRUE"></ScopeCd></mdHrLv><mdHrLvName Sync="TRUE">dataset</mdHrLvName><refSysInfo><RefSystem><refSysID><identCode code="4326" Sync="TRUE"></identCode><idCodeSpace Sync="TRUE">EPSG</idCodeSpace><idVersion Sync="TRUE">6.14(3.0.1)</idVersion></refSysID></RefSystem></refSysInfo><spatRepInfo><VectSpatRep><geometObjs Name="_1803_LAMPUNG_UTARA"><geoObjTyp><GeoObjTypCd value="002" Sync="TRUE"></GeoObjTypCd></geoObjTyp><geoObjCnt Sync="TRUE">0</geoObjCnt></geometObjs><topLvl><TopoLevCd value="001" Sync="TRUE"></TopoLevCd></topLvl></VectSpatRep></spatRepInfo><spdoinfo><ptvctinf><esriterm Name="_1803_LAMPUNG_UTARA"><efeatyp Sync="TRUE">Simple</efeatyp><efeageom code="4" Sync="TRUE"></efeageom><esritopo Sync="TRUE">FALSE</esritopo><efeacnt Sync="TRUE">0</efeacnt><spindex Sync="TRUE">TRUE</spindex><linrefer Sync="TRUE">FALSE</linrefer></esriterm></ptvctinf></spdoinfo><eainfo><detailed Name="_1803_LAMPUNG_UTARA"><enttyp><enttypl Sync="TRUE">_1803_LAMPUNG_UTARA</enttypl><enttypt Sync="TRUE">Feature Class</enttypt><enttypc Sync="TRUE">0</enttypc></enttyp><attr><attrlabl Sync="TRUE">OBJECTID</attrlabl><attalias Sync="TRUE">OBJECTID</attalias><attrtype Sync="TRUE">OID</attrtype><attwidth Sync="TRUE">4</attwidth><atprecis Sync="TRUE">0</atprecis><attscale Sync="TRUE">0</attscale><attrdef Sync="TRUE">Internal feature number.</attrdef><attrdefs Sync="TRUE">Esri</attrdefs><attrdomv><udom Sync="TRUE">Sequential unique whole numbers that are automatically generated.</udom></attrdomv></attr><attr><attrlabl Sync="TRUE">Shape</attrlabl><attalias Sync="TRUE">Shape</attalias><attrtype Sync="TRUE">Geometry</attrtype><attwidth Sync="TRUE">0</attwidth><atprecis Sync="TRUE">0</atprecis><attscale Sync="TRUE">0</attscale><attrdef Sync="TRUE">Feature geometry.</attrdef><attrdefs Sync="TRUE">Esri</attrdefs><attrdomv><udom Sync="TRUE">Coordinates defining the features.</udom></attrdomv></attr><attr><attrlabl Sync="TRUE">NAMOBJ</attrlabl><attalias Sync="TRUE">Nama Objek</attalias><attrtype Sync="TRUE">String</attrtype><attwidth Sync="TRUE">250</attwidth><atprecis Sync="TRUE">0</atprecis><attscale Sync="TRUE">0</attscale></attr><attr><attrlabl Sync="TRUE">WADMKK</attrlabl><attalias Sync="TRUE">Nama Kabupaten/Kota</attalias><attrtype Sync="TRUE">String</attrtype><attwidth Sync="TRUE">250</attwidth><atprecis Sync="TRUE">0</atprecis><attscale Sync="TRUE">0</attscale></attr><attr><attrlabl Sync="TRUE">WADMPR</attrlabl><attalias Sync="TRUE">Nama Provinsi</attalias><attrtype Sync="TRUE">String</attrtype><attwidth Sync="TRUE">250</attwidth><atprecis Sync="TRUE">0</atprecis><attscale Sync="TRUE">0</attscale></attr><attr><attrlabl Sync="TRUE">STSDRH</attrlabl><attalias Sync="TRUE">Status Daerah</attalias><attrtype Sync="TRUE">String</attrtype><attwidth Sync="TRUE">250</attwidth><atprecis Sync="TRUE">0</atprecis><attscale Sync="TRUE">0</attscale></attr><attr><attrlabl Sync="TRUE">STSDAT</attrlabl><attalias Sync="TRUE">Status Data</attalias><attrtype Sync="TRUE">String</attrtype><attwidth Sync="TRUE">250</attwidth><atprecis Sync="TRUE">0</atprecis><attscale Sync="TRUE">0</attscale></attr><attr><attrlabl Sync="TRUE">NOTHPR</attrlabl><attalias Sync="TRUE">Nomor dan Tahun Peraturan</attalias><attrtype Sync="TRUE">String</attrtype><attwidth Sync="TRUE">250</attwidth><atprecis Sync="TRUE">0</atprecis><attscale Sync="TRUE">0</attscale></attr><attr><attrlabl Sync="TRUE">PP</attrlabl><attalias Sync="TRUE">Peta Perda</attalias><attrtype Sync="TRUE">String</attrtype><attwidth Sync="TRUE">250</attwidth><atprecis Sync="TRUE">0</atprecis><attscale Sync="TRUE">0</attscale></attr><attr><attrlabl Sync="TRUE">CT</attrlabl><attalias Sync="TRUE">Catatan</attalias><attrtype Sync="TRUE">String</attrtype><attwidth Sync="TRUE">250</attwidth><atprecis Sync="TRUE">0</atprecis><attscale Sync="TRUE">0</attscale></attr><attr><attrlabl Sync="TRUE">BT</attrlabl><attalias Sync="TRUE">Batang Tubuh</attalias><attrtype Sync="TRUE">String</attrtype><attwidth Sync="TRUE">250</attwidth><atprecis Sync="TRUE">0</atprecis><attscale Sync="TRUE">0</attscale></attr><attr><attrlabl Sync="TRUE">Shape_Length</attrlabl><attalias Sync="TRUE">Shape_Length</attalias><attrtype Sync="TRUE">Double</attrtype><attwidth Sync="TRUE">8</attwidth><atprecis Sync="TRUE">0</atprecis><attscale Sync="TRUE">0</attscale><attrdef Sync="TRUE">Length of feature in internal units.</attrdef><attrdefs Sync="TRUE">Esri</attrdefs><attrdomv><udom Sync="TRUE">Positive real numbers that are automatically generated.</udom></attrdomv></attr><attr><attrlabl Sync="TRUE">Shape_Area</attrlabl><attalias Sync="TRUE">Shape_Area</attalias><attrtype Sync="TRUE">Double</attrtype><attwidth Sync="TRUE">8</attwidth><atprecis Sync="TRUE">0</atprecis><attscale Sync="TRUE">0</attscale><attrdef Sync="TRUE">Area of feature in internal units squared.</attrdef><attrdefs Sync="TRUE">Esri</attrdefs><attrdomv><udom Sync="TRUE">Positive real numbers that are automatically generated.</udom></attrdomv></attr></detailed></eainfo><mdDateSt Sync="TRUE">20190318</mdDateSt></metadata>
